Rk,Player,Tm,Sal2122,Sal2223,Signed Using,Guaranteed
1,Stephen Curry,GSW,"$45,780,966 ","$48,070,014 ",Bird Rights,"$261,134,628 "
2,John Wall,HOU,"$44,310,840 ","$40,866,760 ",Bird Rights,"$85,177,600 "
3,Russell Westbrook,LAL,"$44,211,146 ","$47,063,478 ",Bird Rights,"$91,274,624 "
4,LeBron James,LAL,"$41,180,544 ","$44,474,988 ",Bird,"$85,655,532 "
5,Kevin Durant,BRK,"$40,918,900 ","$44,119,845 ",Sign and Trade,"$234,584,808 "
6,Giannis Antetokounmpo,MIL,"$39,344,970 ","$42,492,568 ",Bird,"$176,265,466 "
7,Paul George,LAC,"$39,344,970 ","$42,492,568 ",Bird,"$127,477,703 "
8,Damian Lillard,POR,"$39,344,900 ","$42,492,492 ",1st Round Pick,"$176,265,152 "
9,Kawhi Leonard,LAC,"$39,344,900 ","$42,492,492 ",Early Bird,"$127,477,476 "
10,Klay Thompson,GSW,"$37,980,720 ","$40,600,080 ",Bird Rights,"$121,800,240 "
11,Jimmy Butler,MIA,"$36,016,200 ","$37,653,300 ",Sign and Trade,"$167,652,137 "
12,Tobias Harris,PHI,"$35,995,950 ","$37,633,050 ",Bird Rights,"$112,899,150 "
13,Khris Middleton,MIL,"$35,500,000 ","$37,948,276 ",Bird Rights,"$73,448,276 "
14,Anthony Davis,LAL,"$35,361,360 ","$37,980,720 ",Bird,"$113,942,160 "
15,Rudy Gobert,UTA,"$35,344,828 ","$38,172,414 ",Bird,"$35,344,828 "
16,Kyrie Irving,BRK,"$34,916,200 ","$36,503,300 ",Cap space,"$71,419,500 "
17,Bradley Beal,WAS,"$33,724,200 ","$43,279,250 ",Cap Space,"$227,615,240 "
18,Ben Simmons,BRK,"$33,003,936 ","$35,448,672 ",1st Round pick,"$146,684,160 "
19,Pascal Siakam,TOR,"$33,003,936 ","$35,448,672 ",1st Round pick,"$106,346,016 "
20,Devin Booker,PHO,"$31,650,600 ","$33,833,400 ",1st round pick,"$325,724,200 "
21,Karl-Anthony Towns,MIN,"$31,650,600 ","$33,833,400 ",1st Round Pick,"$101,500,200 "
22,Kristaps Porziņģis,WAS,"$31,650,600 ","$33,833,400 ",Bird Rights,"$65,484,000 "
23,Joel Embiid,PHI,"$31,579,390 ","$33,616,770 ",1st Round Pick,"$206,889,460 "
24,Andrew Wiggins,GSW,"$31,579,390 ","$33,616,770 ",1st Round Pick,"$65,196,160 "
25,Kevin Love,CLE,"$31,258,256 ","$28,942,830 ",Bird Rights,"$60,201,086 "
26,CJ McCollum,NOP,"$30,864,198 ","$33,333,333 ",1st Round Pick,"$100,000,000 "
27,Chris Paul,PHO,"$30,800,000 ","$28,400,000 ",Bird,"$75,000,000 "
28,Nikola Jokić,DEN,"$30,510,423 ","$32,478,837 ",Bird Rights,"$62,989,260 "
29,Jrue Holiday,MIL,"$30,133,333 ","$32,393,333 ",Bird,"$97,179,999 "
30,D'Angelo Russell,MIN,"$30,013,500 ","$31,377,750 ",Sign and Trade,"$61,391,250 "
31,Gordon Hayward,CHO,"$29,925,000 ","$30,075,000 ",Sign and Trade,"$91,500,000 "
32,Blake Griffin,DET,"$32,405,817 ",,,"$29,764,126 "
33,Brandon Ingram,NOP,"$29,467,800 ","$31,650,600 ",Bird,"$130,968,000 "
34,Jamal Murray,DEN,"$29,467,800 ","$31,650,600 ",1st Round pick,"$130,968,000 "
35,Bam Adebayo,MIA,"$28,103,550 ","$30,351,834 ",Bird,"$163,000,590 "
36,Jayson Tatum,BOS,"$28,103,550 ","$30,351,834 ",Bird,"$125,903,904 "
37,De'Aaron Fox,SAC,"$28,103,500 ","$30,351,780 ",Bird,"$163,000,300 "
38,Donovan Mitchell,UTA,"$28,103,500 ","$30,351,780 ",Bird,"$125,903,680 "
39,Al Horford,BOS,"$27,000,000 ","$26,500,000 ",Cap Space,"$41,500,000 "
40,Kyle Lowry,MIA,"$26,984,128 ","$28,333,334 ",Bird,"$85,000,002 "
41,Kemba Walker,OKC,"$8,729,020 ","$9,165,471 ",,"$53,669,500 "
42,DeMar DeRozan,CHI,"$26,000,000 ","$27,300,000 ",Sign and Trade,"$81,900,000 "
43,Jaylen Brown,BOS,"$24,830,357 ","$26,669,643 ",1st Round pick,"$80,008,929 "
44,Draymond Green,GSW,"$24,026,712 ","$25,806,469 ",Bird Rights,"$49,833,181 "
45,Nikola Vučević,CHI,"$24,000,000 ","$22,000,000 ",Bird Rights,"$46,000,000 "
46,John Collins,ATL,"$23,000,000 ","$23,500,000 ",Bird,"$125,000,000 "
47,Buddy Hield,IND,"$22,477,273 ","$20,522,727 ",1st Round pick,"$61,568,182 "
48,Malcolm Brogdon,IND,"$21,700,000 ","$22,600,000 ",Sign and Trade,"$89,300,000 "
49,Tim Hardaway Jr.,DAL,"$21,306,816 ","$19,602,273 ",Bird,"$75,000,000 "
50,Mike Conley,UTA,"$21,000,000 ","$22,680,000 ",Bird,"$58,000,000 "
51,Gary Harris,ORL,"$20,482,143 ",,1st Round Pick,"$20,482,143 "
52,Danilo Gallinari,ATL,"$20,475,000 ","$21,450,000 ",Sign and Trade,"$20,475,000 "
53,Harrison Barnes,SAC,"$20,284,091 ","$18,352,273 ",Bird Rights,"$38,636,364 "
54,Jerami Grant,DET,"$20,002,500 ","$20,955,000 ",Sign and Trade,"$20,002,500 "
55,Jarrett Allen,CLE,"$20,000,000 ","$20,000,000 ",Bird,"$100,000,000 "
56,Julius Randle,NYK,"$19,800,000 ","$23,760,000 ",Cap Space,"$96,782,400 "
57,Fred VanVleet,TOR,"$19,675,926 ","$21,250,000 ",Bird,"$40,925,926 "
58,Zach LaVine,CHI,"$19,500,000 ",,Cap space,"$19,500,000 "
59,Goran Dragić,SAS,"$19,348,907 ",,,"$18,620,165 "
60,Lonzo Ball,CHI,"$18,604,651 ","$19,534,884 ",Sign and Trade,"$58,604,652 "
61,Bojan Bogdanović,UTA,"$18,502,000 ","$19,343,000 ",Cap Space,"$37,845,000 "
62,Domantas Sabonis,SAC,"$18,500,000 ","$18,500,000 ",1st Round pick,"$56,400,000 "
63,Eric Gordon,HOU,"$18,218,818 ","$19,568,360 ",Cap Space,"$37,787,178 "
64,Eric Bledsoe,POR,"$18,125,000 ","$3,900,000 ",Bird Rights,"$22,025,000 "
65,Bogdan Bogdanović,ATL,"$18,000,000 ","$18,000,000 ",Cap Space,"$36,000,000 "
66,Terry Rozier,CHO,"$17,905,263 ","$21,486,316 ",Sign and Trade,"$114,163,957 "
67,Ricky Rubio,IND,"$17,800,000 ",,Cap Space,"$17,800,000 "
68,Caris LeVert,CLE,"$17,500,000 ","$18,796,296 ",1st Round pick,"$36,296,296 "
69,Myles Turner,IND,"$17,500,000 ","$17,500,000 ",1st Round pick,"$35,000,000 "
70,Jonathan Isaac,ORL,"$17,400,000 ","$17,400,000 ",Bird,"$40,800,000 "
71,Joe Harris,BRK,"$17,357,143 ","$18,642,857 ",Bird,"$55,928,571 "
72,Evan Fournier,NYK,"$17,142,857 ","$18,000,000 ",Sign and Trade,"$73,000,000 "
73,Spencer Dinwiddie,DAL,"$17,142,857 ","$18,000,000 ",Sign and Trade,"$45,142,857 "
74,Clint Capela,ATL,"$17,103,448 ","$18,206,897 ",Bird Rights,"$78,191,625 "
75,Steven Adams,MEM,"$17,073,171 ","$17,926,829 ",1st Round Pick,"$35,000,000 "
76,Markelle Fultz,ORL,"$16,500,000 ","$16,500,000 ",Bird,"$35,000,000 "
77,Aaron Gordon,DEN,"$16,409,091 ","$19,690,909 ",Bird Rights,"$80,207,637 "
78,OG Anunoby,TOR,"$16,071,429 ","$17,357,143 ",Bird,"$52,071,429 "
79,Dāvis Bertāns,DAL,"$16,000,000 ","$16,000,000 ",Bird,"$60,000,000 "
80,Gary Trent Jr.,TOR,"$16,000,000 ","$17,280,000 ",Bird,"$33,280,000 "
81,Lauri Markkanen,CLE,"$15,690,909 ","$16,475,454 ",Sign and Trade,"$55,426,362 "
82,Marcus Morris,LAC,"$15,627,907 ","$16,372,093 ",Non Bird,"$49,116,279 "
83,Will Barton,DEN,"$15,625,000 ","$14,375,000 ",Bird,"$15,625,000 "
84,Duncan Robinson,MIA,"$15,560,000 ","$16,902,000 ",Bird,"$79,910,000 "
85,Norman Powell,LAC,"$15,517,242 ","$16,758,621 ",Bird,"$90,000,000 "
86,Dejounte Murray,SAS,"$15,428,880 ","$16,571,120 ",1st Round pick,"$15,428,880 "
87,Derrick White,BOS,"$15,178,571 ","$16,392,857 ",Bird,"$68,000,000 "
88,Malik Beasley,MIN,"$14,391,964 ","$15,458,035 ",Bird,"$14,391,964 "
89,Patrick Beverley,MIN,,"$13,000,000 ",Bird Rights,"$14,320,988 "
90,Thaddeus Young,TOR,"$14,190,000 ",,Cap space,"$14,190,000 "
91,Jonas Valančiūnas,NOP,"$14,000,000 ","$14,700,000 ",Bird Rights,"$44,135,000 "
92,Marcus Smart,BOS,"$13,839,285 ","$16,607,142 ",Bird Rights,"$90,327,281 "
93,Doug McDermott,SAS,"$13,750,000 ","$13,750,000 ",Sign and Trade,"$41,250,000 "
94,Christian Wood,HOU,"$13,666,667 ","$14,317,459 ",Sign and Trade,"$13,666,667 "
95,Derrick Rose,NYK,"$13,445,120 ","$14,520,730 ",Early Bird,"$27,965,850 "
96,Brook Lopez,MIL,"$13,302,325 ","$13,906,976 ",Cap Space,"$27,209,301 "
97,Kentavious Caldwell-Pope,WAS,"$13,038,862 ","$14,004,703 ",Early Bird,"$13,038,862 "
98,Taurean Prince,MIN,"$13,000,000 ","$7,692,308 ",1st Round pick,"$29,000,000 "
99,Kyle Kuzma,WAS,"$13,000,000 ","$13,000,000 ",Bird,"$26,000,000 "
100,Robert Covington,LAC,"$12,975,471 ","$12,000,000 ",Cap Space,"$36,975,471 "
101,Luke Kennard,LAC,"$12,727,273 ","$13,745,455 ",Bird,"$41,236,364 "
102,T.J. Warren,IND,"$12,690,000 ",,1st Round Pick,"$12,690,000 "
103,Deandre Ayton,PHO,"$12,632,950 ",,1st Round Pick,"$12,632,950 "
104,Terrence Ross,ORL,"$12,500,000 ","$11,500,000 ",Bird Rights,"$24,000,000 "
105,Joe Ingles,POR,"$12,436,364 ","$6,479,000 ",Bird Rights,"$12,436,364 "
106,Jordan Clarkson,UTA,"$12,420,000 ","$13,340,000 ",Bird,"$25,760,000 "
107,Dillon Brooks,MEM,"$12,200,000 ","$11,400,000 ",MLE,"$23,600,000 "
108,Kelly Olynyk,DET,"$12,195,122 ","$12,804,878 ",Cap Space,"$28,000,000 "
109,Jusuf Nurkić,POR,"$12,000,000 ","$15,625,000 ",Bird Rights,"$82,000,000 "
110,Kelly Oubre Jr.,CHO,"$12,000,000 ","$12,600,000 ",Cap Space,"$17,000,000 "
111,Josh Hart,POR,"$12,000,000 ","$12,960,000 ",Bird,"$12,000,000 "
112,Josh Richardson,SAS,"$11,615,328 ","$12,196,094 ",Minimum Salary,"$23,811,422 "
113,Marvin Bagley III,DET,"$11,312,114 ","$12,500,000 ",1st Round Pick,"$48,812,114 "
114,Dwight Powell,DAL,"$11,080,125 ","$11,080,125 ",Cap Space,"$22,160,250 "
115,Devonte' Graham,NOP,"$11,000,000 ","$11,550,000 ",Sign and Trade,"$37,500,000 "
116,Zion Williamson,NOP,"$10,733,400 ","$13,534,817 ",1st Round Pick,"$217,118,217 "
117,Larry Nance Jr.,NOP,"$10,690,909 ","$9,672,727 ",1st Round pick,"$20,363,636 "
118,Jeremy Lamb,SAC,"$10,500,000 ",,Cap Space,"$10,500,000 "
119,Richaun Holmes,SAC,"$10,384,500 ","$11,215,260 ",Early Bird,"$33,645,780 "
120,Reggie Jackson,LAC,"$10,384,500 ","$11,215,260 ",Early Bird,"$21,599,760 "
121,Anthony Edwards,MIN,"$10,245,480 ","$10,733,400 ",1st Round Pick,"$20,978,880 "
122,Luka Dončić,DAL,"$10,174,391 ","$35,700,000 ",1st Round Pick,"$217,234,391 "
123,Cade Cunningham,DET,"$10,050,120 ","$10,552,800 ",1st Round Pick,"$20,602,920 "
124,Danny Green,PHI,"$10,000,000 ","$10,000,000 ",Early Bird,"$10,000,000 "
125,Kyle Anderson,MEM,"$9,937,150 ",,MLE,"$9,937,150 "
126,Jae Crowder,PHO,"$9,720,900 ","$10,183,800 ",MLE,"$19,904,700 "
127,Derrick Favors,OKC,"$9,720,900 ","$10,183,800 ",MLE,"$19,904,700 "
128,Derrick Jones Jr.,CHI,"$9,720,900 ","$3,173,077 ",MLE,"$12,893,977 "
129,Serge Ibaka,MIL,"$9,720,900 ",,MLE,"$9,720,900 "
130,Montrezl Harrell,CHO,"$9,720,900 ",,MLE,"$9,720,900 "
131,Ja Morant,MEM,"$9,603,360 ","$12,119,440 ",1st Round Pick,"$214,572,800 "
132,Reggie Bullock,DAL,"$9,536,000 ","$10,012,800 ",MLE,"$25,000,000 "
133,Alec Burks,NYK,"$9,536,000 ","$10,012,800 ",Cap Space,"$19,548,800 "
134,Tomáš Satoranský,SAS,"$10,000,000 ",,,"$9,531,881 "
135,Talen Horton-Tucker,LAL,"$9,500,000 ","$10,260,000 ",Early Bird,"$19,760,000 "
136,Jaren Jackson Jr.,MEM,"$9,180,560 ","$23,437,500 ",1st Round Pick,"$114,180,560 "
137,James Wiseman,GSW,"$9,166,800 ","$9,603,360 ",1st Round Pick,"$18,770,160 "
138,Jalen Green,HOU,"$8,992,200 ","$9,441,720 ",1st Round Pick,"$18,433,920 "
139,Tristan Thompson,IND,"$9,946,611 ",,,"$8,946,611 "
140,Nicolas Batum,CHO,"$8,856,969 ","$19,700,319 ",,"$17,713,938 "
141,Monte Morris,DEN,"$8,849,071 ","$9,125,000 ",Bird,"$8,849,071 "
142,De'Anthony Melton,MEM,"$8,805,976 ","$8,250,000 ",Early Bird,"$8,805,976 "
143,Nerlens Noel,NYK,"$8,800,000 ","$9,240,000 ",Cap Space,"$18,040,000 "
144,Royce O'Neale,UTA,"$8,800,000 ","$9,200,000 ",Cap space,"$8,800,000 "
145,Jakob Poeltl,SAS,"$8,750,000 ","$9,398,148 ",Bird,"$18,148,148 "
146,Maxi Kleber,DAL,"$8,750,000 ","$9,000,000 ",Early Bird Rights,"$8,750,000 "
147,Kemba Walker,NYK,"$8,729,020 ","$9,165,471 ",Cap Space,"$8,729,020 "
148,Thomas Bryant,WAS,"$8,666,667 ","$2,133,278 ",Early Bird Rights,"$8,666,667 "
149,RJ Barrett,NYK,"$8,623,920 ","$10,900,635 ",1st Round Pick,"$19,524,555 "
150,Alex Caruso,CHI,"$8,604,651 ","$9,034,884 ",MLE,"$37,000,000 "
151,Delon Wright,ATL,"$8,526,316 ","$7,804,878 ",Sign and Trade,"$8,526,316 "
152,Dario Šarić,PHO,"$8,510,000 ","$9,240,000 ",Bird,"$17,750,000 "
153,Trae Young,ATL,"$8,326,471 ","$29,750,000 ",1st Round Pick,"$180,876,471 "
154,Daniel Theis,BOS,"$8,280,351 ","$8,694,369 ",Sign and Trade,"$26,083,106 "
155,LaMelo Ball,CHO,"$8,231,760 ","$8,623,920 ",1st Round Pick,"$16,855,680 "
156,Seth Curry,BRK,"$8,207,518 ","$8,496,653 ",MLE,"$16,704,171 "
157,JaMychal Green,DEN,"$8,200,000 ","$8,200,000 ",Non Bird,"$8,200,000 "
158,Mason Plumlee,CHO,"$8,137,500 ","$8,525,000 ",Cap space,"$16,662,500 "
159,Cedi Osman,CLE,"$8,133,334 ","$7,426,088 ",MLE,"$15,559,422 "
160,Evan Mobley,CLE,"$8,075,160 ","$8,478,720 ",1st Round Pick,"$16,553,880 "
161,DeAndre Jordan,DET,"$11,109,327 ","$7,827,907 ",,"$15,703,440 "
162,De'Andre Hunter,ATL,"$7,775,400 ","$9,835,881 ",1st Round Pick,"$17,611,281 "
163,Tyus Jones,MEM,"$7,600,000 ","$15,000,000 ",MLE,"$36,600,000 "
164,Mo Bamba,ORL,"$7,568,742 ",,1st Round Pick,"$7,568,742 "
165,Ivica Zubac,LAC,,"$10,123,457 ",Bird Rights,"$40,318,518 "
166,T.J. McConnell,IND,"$7,500,000 ","$8,100,000 ",Early Bird,"$29,300,000 "
167,Patrick Williams,CHI,"$7,422,000 ","$7,775,400 ",1st Round Pick,"$15,197,400 "
168,Scottie Barnes,TOR,"$7,280,400 ","$7,644,600 ",1st Round Pick,"$14,925,000 "
169,Darius Garland,CLE,"$7,040,880 ","$8,920,795 ",1st Round Pick,"$15,961,675 "
170,Chris Boucher,TOR,,"$12,771,739 ",Early Bird,"$42,270,000 "
171,Zach Collins,SAS,"$7,000,000 ","$7,350,000 ",Cap Space,"$14,350,000 "
172,D.J. Augustin,HOU,"$7,622,467 ","$333,333 ",,"$7,333,333 "
173,P.J. Tucker,MIA,"$7,000,000 ","$17,840,000 ",MLE,"$7,000,000 "
174,Wendell Carter Jr.,ORL,"$6,920,027 ","$14,150,000 ",1st Round Pick,"$56,920,027 "
175,Isaac Okoro,CLE,"$6,720,720 ","$7,040,880 ",1st Round Pick,"$13,761,600 "
176,Jalen Suggs,ORL,"$6,592,920 ","$6,922,320 ",1st Round Pick,"$13,515,240 "
177,Cameron Payne,PHO,"$6,500,000 ","$6,000,000 ",Early Bird,"$14,500,000 "
178,Joakim Noah,NYK,"$6,431,666 ",,,"$6,431,666 "
179,Jarrett Culver,MEM,"$6,395,160 ","$8,109,063 ",1st Round Pick,"$6,395,160 "
180,Khem Birch,TOR,"$6,350,000 ","$6,667,750 ",MLE,"$20,002,750 "
181,Collin Sexton,CLE,"$6,349,671 ",,1st Round Pick,"$6,349,671 "
182,Onyeka Okongwu,ATL,"$6,104,280 ","$6,395,160 ",1st Round Pick,"$12,499,440 "
183,Justin Holiday,SAC,"$6,006,420 ","$6,292,440 ",Non Bird,"$6,006,420 "
184,Josh Giddey,OKC,"$5,988,000 ","$6,287,400 ",1st Round Pick,"$12,275,400 "
185,Rudy Gay,UTA,"$5,890,000 ","$6,184,500 ",Mini MLE,"$12,074,500 "
186,Dennis Schröder,HOU,"$5,890,000 ",,Mini MLE,"$5,890,000 "
187,Patty Mills,BRK,"$5,890,000 ","$6,184,500 ",Mini MLE,"$5,890,000 "
188,Kevin Knox,ATL,"$5,845,978 ",,1st Round Pick,"$5,845,978 "
189,Coby White,CHI,"$5,837,760 ","$7,413,955 ",1st Round Pick,"$5,837,760 "
190,Timofey Mozgov,ORL,"$5,573,334 ",,,"$5,573,334 "
191,Killian Hayes,DET,"$5,572,680 ","$5,837,760 ",1st Round Pick,"$11,410,440 "
192,Mikal Bridges,PHO,"$5,557,725 ","$20,089,286 ",1st Round Pick,"$95,557,725 "
193,Shai Gilgeous-Alexander,OKC,"$5,495,532 ","$29,750,000 ",1st Round Pick,"$178,045,532 "
194,Jonathan Kuminga,GSW,"$5,466,360 ","$5,739,960 ",1st Round Pick,"$11,206,320 "
195,Miles Bridges,CHO,"$5,421,493 ",,1st Round Pick,"$5,421,493 "
196,Jaxson Hayes,NOP,"$5,348,280 ","$6,803,012 ",1st Round Pick,"$12,151,292 "
197,Pat Connaughton,MIL,"$5,333,333 ","$5,728,395 ",Early Bird,"$11,061,728 "
198,Michael Porter Jr.,DEN,"$5,258,735 ","$29,750,000 ",1st Round Pick,"$150,538,735 "
199,Ryan Anderson,MIA,"$5,214,584 ",,,"$5,214,584 "
200,Hamidou Diallo,DET,"$5,200,000 ","$5,200,000 ",Bird,"$10,400,000 "
201,Kevon Looney,GSW,"$5,178,572 ",,Bird Rights,"$5,178,572 "
202,Troy Brown Jr.,CHI,"$5,170,564 ","$1,968,175 ",1st Round Pick,"$5,170,564 "
203,Obi Toppin,NYK,"$5,105,160 ","$5,348,280 ",1st Round Pick,"$10,453,440 "
204,Franz Wagner,ORL,"$5,007,840 ","$5,258,280 ",1st Round Pick,"$10,266,120 "
205,Josh Jackson,SAC,"$5,005,350 ",,Room Exception,"$5,005,350 "
206,Kendrick Nunn,LAL,"$5,000,000 ","$5,250,000 ",Mini MLE,"$10,250,000 "
207,JaVale McGee,PHO,"$5,000,000 ",,MLE,"$5,000,000 "
208,Robin Lopez,ORL,"$5,000,000 ",,MLE,"$5,000,000 "
209,Luol Deng,LAL,"$5,000,000 ",,,"$5,000,000 "
210,Lou Williams,ATL,"$5,000,000 ",,Bird,"$5,000,000 "
211,Rui Hachimura,WAS,"$4,916,160 ","$6,263,188 ",1st Round Pick,"$11,179,348 "
212,Cory Joseph,DET,"$4,910,000 ","$5,155,000 ",Room Exception,"$12,465,000 "
213,Garrett Temple,NOP,"$4,910,000 ","$5,155,500 ",Sign and Trade,"$10,065,500 "
214,Taj Gibson,NYK,"$4,910,000 ","$5,155,500 ",Room Exception,"$4,910,000 "
215,Torrey Craig,PHO,"$4,878,049 ","$5,121,951 ",MLE,"$10,000,000 "
216,Rajon Rondo,MEM,"$2,641,691 ",,,"$4,858,309 "
217,Bruce Brown,BRK,"$4,736,102 ",,,"$4,736,102 "
218,Deni Avdija,WAS,"$4,692,840 ","$4,916,160 ",1st Round Pick,"$9,609,000 "
219,Donte DiVincenzo,SAC,"$4,675,830 ",,1st Round Pick,"$4,675,830 "
220,Cam Reddish,NYK,"$4,670,160 ","$5,954,454 ",1st Round Pick,"$10,624,614 "
221,David Nwaba,HOU,"$4,650,000 ","$5,022,000 ",Early Bird,"$9,672,000 "
222,Furkan Korkmaz,PHI,"$4,629,630 ","$5,000,000 ",Bird,"$15,000,000 "
223,Davion Mitchell,SAC,"$4,603,200 ","$4,833,600 ",1st Round Pick,"$9,436,800 "
224,Jeff Green,DEN,"$4,500,000 ","$4,500,000 ",MLE,"$9,000,000 "
225,Ish Smith,WAS,"$4,500,000 ","$4,725,000 ",Room Exception,"$4,500,000 "
226,Jalen Smith,IND,"$4,458,000 ","$4,670,160 ",1st Round Pick,"$14,171,933 "
227,Lonnie Walker IV,SAS,"$4,447,896 ","$6,479,000 ",1st Round Pick,"$4,447,896 "
228,Cameron Johnson,PHO,"$4,437,000 ","$5,887,899 ",1st Round Pick,"$10,324,899 "
229,Ziaire Williams,MEM,"$4,373,160 ","$4,591,920 ",1st Round Pick,"$8,965,080 "
230,Bobby Portis,MIL,"$4,347,600 ","$10,843,350 ",Non Bird,"$39,480,054 "
231,Maurice Harkless,SAC,"$4,347,600 ","$4,564,980 ",Non Bird,"$4,347,600 "
232,Kevin Huerter,ATL,,"$14,508,929 ",1st Round Pick,"$4,253,357 "
233,Devin Vassell,SAS,"$4,235,160 ","$4,437,000 ",1st Round Pick,"$8,672,160 "
234,P.J. Washington,CHO,"$4,215,120 ","$5,808,435 ",1st Round Pick,"$10,023,555 "
235,James Bouknight,CHO,"$4,154,400 ","$4,362,240 ",1st Round Pick,"$8,516,640 "
236,Josh Okogie,MIN,"$4,087,904 ","$1,968,175 ",1st Round Pick,"$4,087,904 "
237,Grayson Allen,MIL,"$4,054,695 ","$8,500,000 ",1st Round Pick,"$21,054,695 "
238,Tyrese Haliburton,IND,"$4,023,600 ","$4,215,120 ",1st Round Pick,"$8,238,720 "
239,Tyler Herro,MIA,"$4,004,280 ","$5,722,116 ",1st Round Pick,"$9,726,396 "
240,Dorian Finney-Smith,DAL,"$4,000,000 ","$12,402,000 ",Bird Rights,"$44,182,480 "
241,Terence Davis,SAC,"$4,000,000 ","$4,000,000 ",Early Bird,"$8,000,000 "
242,George Hill,MIL,"$4,000,000 ","$4,000,000 ",MLE,"$8,000,000 "
243,Jarred Vanderbilt,MIN,"$4,000,000 ","$4,320,000 ",Bird,"$4,000,000 "
244,Gorgui Dieng,ATL,"$4,000,000 ",,MLE,"$4,000,000 "
245,Aaron Holiday,PHO,"$3,980,551 ","$1,968,175 ",1st Round Pick,"$3,980,551 "
246,Joshua Primo,SAS,"$3,946,800 ","$4,144,320 ",1st Round Pick,"$8,091,120 "
247,Jake Layman,MIN,"$3,940,184 ",,Sign and Trade,"$3,940,184 "
248,Anfernee Simons,POR,"$3,938,818 ","$22,321,429 ",1st Round Pick,"$103,938,818 "
249,Justise Winslow,POR,"$3,902,439 ","$4,097,561 ",Mini MLE,"$8,000,000 "
250,Kira Lewis Jr.,NOP,"$3,822,240 ","$4,004,280 ",1st Round Pick,"$7,826,520 "
251,Romeo Langford,SAS,"$3,804,360 ","$5,634,257 ",1st Round Pick,"$9,438,617 "
252,Landry Shamet,PHO,"$3,768,342 ","$9,598,214 ",1st Round Pick,"$46,768,342 "
253,Chris Duarte,IND,"$3,749,520 ","$3,936,960 ",1st Round Pick,"$7,686,480 "
254,Alex Len,SAC,"$3,732,000 ","$3,918,600 ",Bi-Annual Exception,"$7,650,600 "
255,Robert Williams,BOS,"$3,661,976 ","$10,700,000 ",1st Round Pick,"$51,597,976 "
256,Jevon Carter,BRK,"$4,107,149 ","$6,025,000 ",,"$7,575,000 "
257,Aaron Nesmith,BOS,"$3,631,200 ","$3,804,360 ",1st Round Pick,"$7,435,560 "
258,Moses Moody,GSW,"$3,562,080 ","$3,740,160 ",1st Round Pick,"$7,302,240 "
259,Mike Muscala,OKC,"$3,500,000 ","$3,500,000 ",MLE,"$3,500,000 "
260,Boban Marjanović,DAL,"$3,500,000 ","$3,500,000 ",Early Bird,"$3,500,000 "
261,Cole Anthony,ORL,"$3,449,400 ","$3,613,680 ",1st Round Pick,"$7,063,080 "
262,Corey Kispert,WAS,"$3,383,640 ","$3,552,960 ",1st Round Pick,"$6,936,600 "
263,Georges Niang,PHI,"$3,300,000 ","$3,465,000 ",MLE,"$6,765,000 "
264,Michael Carter-Williams,ORL,"$3,300,000 ",,,"$3,300,000 "
265,Chuma Okeke,ORL,"$3,277,080 ","$3,433,320 ",1st Round Pick,"$6,710,400 "
266,Isaiah Stewart,DET,"$3,277,080 ","$3,433,320 ",1st Round Pick,"$6,710,400 "
267,Nickeil Alexander-Walker,UTA,"$3,261,480 ","$5,009,633 ",1st Round Pick,"$8,271,113 "
268,Alperen Şengün,HOU,"$3,214,680 ","$3,375,480 ",1st Round Pick,"$6,590,160 "
269,Nicolas Batum,LAC,"$8,856,969 ","$19,700,319 ",Non Bird,"$25,724,197 "
270,Jon Leuer,MIL,"$3,169,347 ",,,"$3,169,347 "
271,Trey Burke,DAL,"$3,150,000 ","$3,300,000 ",MLE,"$3,150,000 "
272,Aleksej Pokusevski,OKC,"$3,113,160 ","$3,261,480 ",1st Round Pick,"$6,374,640 "
273,Goga Bitadze,IND,"$3,098,400 ","$4,765,339 ",1st Round Pick,"$7,863,739 "
274,Trey Murphy III,NOP,"$3,053,760 ","$3,206,640 ",1st Round Pick,"$6,260,400 "
275,Frank Jackson,DET,"$3,000,000 ","$3,150,000 ",Cap Space,"$3,000,000 "
276,Sterling Brown,DAL,"$3,000,000 ","$3,000,000 ",Bi-Annual Exception,"$3,000,000 "
277,Facundo Campazzo,DEN,"$2,975,000 ",,Bi-Annual Exception,"$2,975,000 "
278,Josh Green,DAL,"$2,957,520 ","$3,098,400 ",1st Round Pick,"$6,055,920 "
279,Tre Mann,OKC,"$2,901,240 ","$3,046,200 ",1st Round Pick,"$5,947,440 "
280,Dewayne Dedmon,DET,"$5,256,308 ","$7,566,667 ",,"$11,466,668 "
281,Andrew Nicholson,POR,"$2,844,430 ","$2,844,430 ",,"$8,533,290 "
282,Matisse Thybulle,PHI,"$2,840,160 ","$4,379,527 ",1st Round Pick,"$7,219,687 "
283,Saddiq Bey,DET,"$2,824,320 ","$2,959,080 ",1st Round Pick,"$5,783,400 "
284,Kai Jones,CHO,"$2,770,560 ","$2,909,160 ",1st Round Pick,"$5,679,720 "
285,Brandon Clarke,MEM,"$2,726,880 ","$4,343,920 ",1st Round Pick,"$7,070,800 "
286,Precious Achiuwa,TOR,"$2,711,280 ","$2,840,160 ",1st Round Pick,"$5,551,440 "
287,Jalen Johnson,ATL,"$2,659,560 ","$2,792,520 ",1st Round Pick,"$5,452,080 "
288,Paul Millsap,PHI,"$2,641,691 ",,Minimum Salary,"$2,641,691 "
289,E'Twaun Moore,ORL,"$2,641,691 ",,,"$2,641,691 "
290,Udonis Haslem,MIA,"$2,641,691 ",,Minimum Salary,"$2,641,691 "
291,Markieff Morris,MIA,"$2,641,691 ",,Minimum Salary,"$2,641,691 "
292,Trevor Ariza,LAL,"$2,641,691 ",,,"$2,641,691 "
293,DeAndre Jordan,LAL,"$11,109,327 ","$7,827,907 ",,"$2,641,691 "
294,Avery Bradley,LAL,"$2,641,691 ",,Minimum Salary,"$2,641,691 "
295,Dwight Howard,LAL,"$2,641,691 ",,Minimum Salary,"$2,641,691 "
296,Wayne Ellington,LAL,"$2,641,691 ",,Minimum Salary,"$2,641,691 "
297,Carmelo Anthony,LAL,"$2,641,691 ",,Minimum Salary,"$2,641,691 "
298,Enes Freedom,HOU,"$2,641,691 ",,,"$2,641,691 "
299,Andre Iguodala,GSW,"$2,641,691 ",,Minimum Salary,"$2,641,691 "
300,Ed Davis,CLE,"$2,641,691 ",,Minimum Salary,"$2,641,691 "
301,Rajon Rondo,CLE,"$2,641,691 ",,Minimum Salary,"$2,641,691 "
302,James Johnson,BRK,"$2,641,691 ",,,"$2,641,691 "
303,Blake Griffin,BRK,"$32,405,817 ",,Minimum Salary,"$2,641,691 "
304,LaMarcus Aldridge,BRK,"$2,641,691 ",,Minimum Salary,"$2,641,691 "
305,Grant Williams,BOS,"$2,617,800 ","$4,306,281 ",1st Round Pick,"$6,924,081 "
306,Tyrese Maxey,PHI,"$2,602,920 ","$2,726,880 ",1st Round Pick,"$5,329,800 "
307,Keon Johnson,POR,"$2,553,240 ","$2,681,040 ",1st Round Pick,"$5,234,280 "
308,Darius Bazley,OKC,"$2,513,040 ","$4,264,629 ",1st Round Pick,"$6,777,669 "
309,Trey Lyles,SAC,"$2,500,000 ","$2,625,000 ",Cap Space,"$5,125,000 "
310,Zeke Nnaji,DEN,"$2,498,760 ","$2,617,800 ",1st Round Pick,"$5,116,560 "
311,Isaiah Jackson,IND,"$2,451,120 ","$2,573,760 ",1st Round Pick,"$5,024,880 "
312,Ty Jerome,OKC,"$2,412,840 ","$4,220,057 ",1st Round Pick,"$6,632,897 "
313,Hassan Whiteside,UTA,"$2,401,537 ",,Minimum Salary,"$2,401,537 "
314,Kent Bazemore,LAL,"$2,401,537 ",,Minimum Salary,"$2,401,537 "
315,Austin Rivers,DEN,"$2,401,537 ",,Minimum Salary,"$2,401,537 "
316,Andre Drummond,BRK,"$2,401,537 ","$3,219,512 ",Minimum Salary,"$2,401,537 "
317,Cory Joseph,DET,"$4,910,000 ","$5,155,000 ",,"$12,465,000 "
318,Victor Oladipo,MIA,,"$8,563,846 ",Minimum Salary,"$10,953,487 "
319,Dewayne Dedmon,MIA,"$5,256,308 ","$7,566,667 ",Minimum Salary,"$7,089,641 "
320,Cody Zeller,POR,"$2,389,641 ",,,"$2,389,641 "
321,Ben McLemore,POR,"$2,389,641 ",,Minimum Salary,"$2,389,641 "
322,Solomon Hill,NYK,"$2,389,641 ",,,"$2,389,641 "
323,Tony Snell,NOP,"$2,389,641 ",,Minimum Salary,"$2,389,641 "
324,Otto Porter Jr.,GSW,"$2,389,641 ","$6,000,000 ",Minimum Salary,"$2,389,641 "
325,Usman Garuba,HOU,"$2,353,320 ","$2,471,160 ",1st Round Pick,"$4,824,480 "
326,Leandro Bolmaro,MIN,"$2,353,320 ","$2,471,160 ",1st Round Pick,"$2,353,320 "
327,Willy Hernangómez,NOP,"$2,327,220 ","$2,443,581 ",Non Bird,"$4,770,801 "
328,Nassir Little,POR,"$2,316,240 ","$4,171,548 ",1st Round Pick,"$6,487,788 "
329,R.J. Hampton,ORL,"$2,303,040 ","$2,412,840 ",1st Round Pick,"$4,715,880 "
330,Josh Christopher,HOU,"$2,259,240 ","$2,372,160 ",1st Round Pick,"$4,631,400 "
331,Monta Ellis,IND,"$2,245,400 ",,,"$2,245,400 "
332,Elfrid Payton,PHO,"$2,239,544 ",,Minimum Salary,"$2,239,544 "
333,Rodney Hood,LAC,"$2,239,544 ",,Minimum Salary,"$2,239,544 "
334,Dylan Windler,CLE,"$2,239,200 ","$4,037,278 ",1st Round Pick,"$6,276,478 "
335,Immanuel Quickley,NYK,"$2,210,640 ","$2,316,240 ",1st Round Pick,"$4,526,880 "
336,John Konchar,MEM,"$2,200,000 ","$2,300,000 ",MLE,"$3,040,000 "
337,Quentin Grimes,NYK,"$2,168,760 ","$2,277,000 ",1st Round Pick,"$4,445,760 "
338,Jordan Poole,GSW,"$2,161,440 ","$3,901,399 ",1st Round Pick,"$6,062,839 "
339,Bol Bol,ORL,"$2,161,152 ",,MLE,"$2,161,152 "
340,Keldon Johnson,SAS,"$2,145,720 ","$3,873,025 ",1st Round Pick,"$6,018,745 "
341,Payton Pritchard,BOS,"$2,137,440 ","$2,239,200 ",1st Round Pick,"$4,376,640 "
342,Bones Hyland,DEN,"$2,096,880 ","$2,201,400 ",1st Round Pick,"$4,298,280 "
343,Raul Neto,WAS,"$2,089,448 ",,Minimum Salary,"$2,089,448 "
344,Frank Kaminsky,PHO,"$2,089,448 ",,,"$2,089,448 "
345,Nemanja Bjelica,GSW,"$2,089,448 ",,Minimum Salary,"$2,089,448 "
346,Udoka Azubuike,UTA,"$2,075,880 ","$2,174,880 ",1st Round Pick,"$4,250,760 "
347,Jaden McDaniels,MIN,"$2,063,280 ","$2,161,440 ",1st Round Pick,"$4,224,720 "
348,Malachi Flynn,TOR,"$2,048,040 ","$2,145,720 ",1st Round Pick,"$4,193,760 "
349,Cam Thomas,BRK,"$2,036,280 ","$2,138,160 ",1st Round Pick,"$4,174,440 "
350,Desmond Bane,MEM,"$2,033,160 ","$2,130,240 ",1st Round Pick,"$4,163,400 "
351,Jaden Springer,PHI,"$2,023,680 ","$2,125,200 ",1st Round Pick,"$4,148,880 "
352,Day'Ron Sharpe,BRK,"$2,009,040 ","$2,109,360 ",1st Round Pick,"$4,118,400 "
353,Jordan McLaughlin,MIN,"$2,000,000 ","$2,160,000 ",Early Bird,"$4,160,000 "
354,Jeremiah Robinson-Earl,OKC,"$2,000,000 ","$2,000,000 ",MLE,"$4,000,000 "
355,Abdel Nader,PHO,"$2,000,000 ",,,"$2,000,000 "
356,Théo Maledon,OKC,"$2,000,000 ","$1,900,000 ",MLE,"$2,000,000 "
357,Kenrich Williams,OKC,"$2,000,000 ","$2,000,000 ",Sign and Trade,"$2,000,000 "
358,Garrison Mathews,HOU,"$2,000,000 ","$2,000,000 ",Cap Space,"$2,000,000 "
359,Santi Aldama,MEM,"$1,994,520 ","$2,094,240 ",1st Round Pick,"$4,088,760 "
360,Damian Jones,SAC,"$1,977,011 ","$2,298,385 ",Minimum Salary,"$1,977,011 "
361,Wesley Matthews,MIL,"$1,958,501 ","$2,905,851 ",Minimum Salary,"$4,864,352 "
362,Gary Payton II,GSW,"$1,939,350 ","$8,300,000 ",Minimum Salary,"$1,939,350 "
363,Rodney McGruder,DET,"$1,939,350 ",,Minimum Salary,"$1,939,350 "
364,DeAndre' Bembry,BRK,"$2,541,217 ",,,"$1,939,350 "
365,Timothé Luwawu-Cabarrot,ATL,"$1,939,350 ",,Minimum Salary,"$1,939,350 "
366,PJ Dozier,ORL,"$1,910,860 ",,,"$1,910,860 "
367,Damion Lee,GSW,"$1,910,860 ","$2,133,278 ",MLE,"$1,910,860 "
368,Killian Tillie,MEM,"$1,901,625 ","$1,901,625 ",Room Exception,"$3,803,250 "
369,Larry Sanders,MIL,"$1,865,547 ",,,"$1,865,547 "
370,Shake Milton,PHI,"$1,846,738 ","$1,997,718 ",Cap Space,"$3,844,456 "
371,Mitchell Robinson,NYK,"$1,802,057 ",,MLE,"$1,802,057 "
372,Jalen Brunson,DAL,"$1,802,057 ",,Cap Space,"$1,802,057 "
373,Tony Bradley,CHI,"$1,789,256 ","$2,036,318 ",Minimum Salary,"$3,825,574 "
374,Dennis Smith Jr.,POR,"$1,789,256 ",,,"$1,789,256 "
375,Malik Monk,LAL,"$1,789,256 ","$9,472,219 ",Minimum Salary,"$1,789,256 "
376,Semi Ojeleye,LAC,"$1,789,256 ",,,"$1,789,256 "
377,Frank Ntilikina,DAL,"$1,789,256 ","$2,036,318 ",Minimum Salary,"$1,789,256 "
378,Didi Louzada,POR,"$1,786,878 ","$1,876,222 ",Non Bird,"$3,663,100 "
379,Luguentz Dort,OKC,"$1,782,621 ","$15,277,778 ",Minimum Salary,"$66,260,399 "
380,Daniel Gafford,WAS,"$1,782,621 ","$1,930,681 ",Minimum Salary,"$43,895,782 "
381,Terance Mann,LAC,"$1,782,621 ","$1,930,681 ",Minimum Salary,"$25,713,302 "
382,Vlatko Čančar,DEN,,"$2,098,765 ",MLE,"$6,148,053 "
383,Kevin Porter Jr.,HOU,"$1,782,621 ","$3,217,631 ",1st Round Pick,"$5,000,252 "
384,Dean Wade,CLE,"$1,782,621 ","$1,930,681 ",MLE,"$3,713,302 "
385,Jalen McDaniels,CHO,"$1,782,621 ","$1,930,681 ",Minimum Salary,"$3,713,302 "
386,Eric Paschall,UTA,"$1,782,621 ",,MLE,"$1,782,621 "
387,KZ Okpala,OKC,"$1,782,621 ",,,"$1,782,621 "
388,Isaiah Roby,OKC,"$1,782,621 ","$1,930,681 ",MLE,"$1,782,621 "
389,Jaylen Nowell,MIN,"$1,782,621 ","$1,930,681 ",MLE,"$1,782,621 "
390,Naz Reid,MIN,"$1,782,621 ","$1,930,681 ",MLE,"$1,782,621 "
391,Carsen Edwards,MEM,"$76,744 ","$1,815,677 ",,"$1,782,621 "
392,Bruno Fernando,HOU,"$1,782,621 ",,Cap space,"$1,782,621 "
393,Cody Martin,CHO,"$1,782,621 ",,MLE,"$1,782,621 "
394,Nic Claxton,BRK,"$1,782,621 ",,Minimum Salary,"$1,782,621 "
395,Chimezie Metu,SAC,"$1,762,796 ","$1,910,860 ",MLE,"$3,673,656 "
396,Drew Eubanks,TOR,,"$1,968,175 ",,"$1,762,796 "
397,Yuta Watanabe,TOR,"$1,762,796 ",,Minimum Salary,"$1,762,796 "
398,Svi Mykhailiuk,TOR,"$1,729,217 ","$1,878,720 ",Minimum Salary,"$3,607,937 "
399,Thanasis Antetokounmpo,MIL,"$1,729,217 ","$1,878,720 ",Minimum Salary,"$3,607,937 "
400,Isaac Bonga,TOR,"$1,729,217 ",,Minimum Salary,"$1,729,217 "
401,Keita Bates-Diop,SAS,"$1,729,217 ","$1,878,720 ",Minimum Salary,"$1,729,217 "
402,Moritz Wagner,ORL,"$1,729,217 ","$1,878,720 ",Minimum Salary,"$1,729,217 "
403,Isaiah Hartenstein,LAC,"$1,729,217 ",,Minimum Salary,"$1,729,217 "
404,Oshae Brissett,IND,"$1,701,593 ","$1,846,738 ",MLE,"$1,701,593 "
405,Juan Toscano-Anderson,GSW,,"$1,902,133 ",Minimum Salary,"$1,701,593 "
406,Moses Brown,DAL,"$1,720,779 ",,,"$1,701,593 "
407,Herbert Jones,NOP,"$1,700,000 ","$1,785,000 ",MLE,"$3,485,000 "
408,Gabriel Deck,OKC,"$1,690,507 ",,,"$1,690,507 "
409,Javonte Green,CHI,"$1,669,178 ","$1,815,677 ",Minimum Salary,"$3,484,855 "
410,Max Strus,MIA,"$1,669,178 ","$1,815,677 ",Minimum Salary,"$1,669,178 "
411,Gabe Vincent,MIA,"$1,669,178 ","$1,815,677 ",Minimum Salary,"$1,669,178 "
412,Kevin Pangos,CLE,"$1,669,178 ",,,"$1,669,178 "
413,Matt Thomas,CHI,"$1,669,178 ",,Minimum Salary,"$1,669,178 "
414,Jae'Sean Tate,HOU,"$1,517,981 ","$7,065,217 ",MLE,"$15,083,198 "
415,Anthony Gill,WAS,"$1,517,981 ","$1,836,090 ",Minimum Salary,"$5,351,309 "
416,Vernon Carey Jr.,WAS,"$1,517,981 ","$1,782,621 ",Cap Space,"$3,300,602 "
417,Xavier Tillman Sr.,MEM,"$1,517,981 ","$1,782,621 ",MLE,"$3,300,602 "
418,Tyrell Terry,DAL,"$1,517,981 ","$1,782,621 ",,"$3,300,602 "
419,Tre Jones,SAS,"$1,517,981 ","$1,782,621 ",MLE,"$1,517,981 "
420,Robert Woodard II,SAC,"$1,517,981 ",,,"$1,517,981 "
421,Jahmi'us Ramsey,SAC,"$1,517,981 ",,,"$1,517,981 "
422,CJ Elleby,POR,"$1,517,981 ",,Minimum Salary,"$1,517,981 "
423,Elijah Hughes,POR,"$1,517,981 ",,Minimum Salary,"$1,517,981 "
424,Paul Reed,PHI,"$1,517,981 ","$1,782,621 ",Minimum Salary,"$1,517,981 "
425,Isaiah Joe,PHI,"$1,517,981 ","$1,782,621 ",MLE,"$1,517,981 "
426,Naji Marshall,NOP,"$1,517,981 ","$1,782,621 ",MLE,"$1,517,981 "
427,Jordan Nwora,MIL,"$1,517,981 ",,Minimum Salary,"$1,517,981 "
428,Sam Merrill,MEM,"$1,517,981 ",,,"$1,517,981 "
429,Kenyon Martin Jr.,HOU,"$1,517,981 ","$1,782,621 ",MLE,"$1,517,981 "
430,Lamar Stevens,CLE,"$1,517,981 ","$1,782,621 ",MLE,"$1,517,981 "
431,Nick Richards,CHO,"$1,517,981 ","$1,782,621 ",Cap Space,"$1,517,981 "
432,Isaiah Todd,WAS,"$1,500,000 ","$1,563,518 ",MLE,"$4,899,614 "
433,Jose Alvarado,NOP,"$1,500,000 ","$1,563,518 ",MLE,"$3,063,518 "
434,Saben Lee,DET,"$1,489,065 ","$1,752,638 ",Cap Space,"$3,241,703 "
435,Omer Yurtseven,MIA,"$1,489,065 ","$1,752,638 ",Minimum Salary,"$1,489,065 "
436,Armoni Brooks,HOU,"$1,739,065 ","$1,752,638 ",,"$1,489,065 "
437,J.R. Smith,CLE,"$1,456,666 ",,,"$1,456,666 "
438,Danuel House Jr.,HOU,"$2,045,094 ","$4,105,000 ",,"$1,387,498 "
439,Bismack Biyombo,PHO,"$1,366,392 ","$2,905,851 ",Minimum Salary,"$4,424,064 "
440,George Hill,PHI,"$4,000,000 ","$4,000,000 ",,"$1,275,491 "
441,JT Thor,CHO,"$1,250,000 ","$1,563,518 ",Cap Space,"$2,813,518 "
442,DeMarre Carroll,SAS,"$1,242,340 ",,,"$1,242,340 "
443,Alfonzo McKinnie,CHI,"$1,090,007 ",,,"$1,293,926 "
444,Jabari Parker,BOS,"$1,068,288 ",,,"$1,168,288 "
445,Jason Preston,LAC,"$1,062,303 ","$1,563,518 ",Mini MLE,"$2,625,821 "
446,Isaiah Livers,DET,"$1,057,260 ","$1,563,518 ",Cap Space,"$2,620,778 "
447,Guerschon Yabusele,BOS,"$1,039,080 ",,,"$1,039,080 "
448,Aaron Wiggins,OKC,"$1,000,000 ","$1,563,518 ",Cap Space,"$1,000,000 "
449,Tristan Thompson,CHI,"$9,946,611 ",,Bi-Annual Exception,"$1,000,000 "
450,Kyle Singler,OKC,"$999,200 ","$999,200 ",,"$1,998,400 "
451,Marquese Chriss,DAL,"$958,529 ","$2,193,920 ",Minimum Salary,"$1,292,900 "
452,Duane Washington Jr.,IND,"$950,000 ","$1,563,518 ",Minimum Salary,"$950,000 "
453,Jared Butler,UTA,"$925,258 ","$1,563,518 ",Minimum Salary,"$2,488,776 "
454,Greg Brown III,POR,"$925,258 ","$1,563,518 ",Mini MLE,"$2,488,776 "
455,Miles McBride,NYK,"$925,258 ","$1,563,518 ",Cap Space,"$2,488,776 "
456,Brandon Boston Jr.,LAC,"$925,258 ","$1,563,518 ",Mini MLE,"$2,488,776 "
457,Marko Simonovic,CHI,"$925,258 ","$1,563,518 ",MLE,"$2,488,776 "
458,Vit Krejci,OKC,"$925,258 ","$1,563,518 ",MLE,"$1,707,017 "
459,Charles Bassey,PHI,"$925,258 ","$1,563,518 ",MLE,"$1,000,000 "
460,Dalano Banton,TOR,"$925,258 ","$1,563,518 ",Minimum Salary,"$925,258 "
461,Jock Landale,SAS,"$925,258 ","$1,563,518 ",Minimum Salary,"$925,258 "
462,Austin Reaves,LAL,"$925,258 ",,Minimum Salary,"$925,258 "
463,Luka Garza,DET,"$925,258 ",,Minimum Salary,"$925,258 "
464,Ayo Dosunmu,CHI,"$925,258 ","$1,563,518 ",Minimum Salary,"$925,258 "
465,Lance Stephenson,IND,"$924,730 ",,Minimum Salary,"$1,476,806 "
466,Stanley Johnson,LAL,"$888,616 ","$2,351,521 ",Minimum Salary,"$3,600,386 "
467,Wayne Selden,NYK,"$785,102 ",,,"$785,102 "
468,Goran Dragić,BRK,"$19,348,907 ",,Minimum Salary,"$728,742 "
469,Brad Wanamaker,IND,"$715,538 ",,,"$715,538 "
470,Alize Johnson,CHI,"$705,598 ",,,"$705,598 "
471,DeMarcus Cousins,DEN,"$1,290,481 ",,Minimum Salary,"$1,138,659 "
472,Shaun Livingston,GSW,"$666,667 ",,,"$666,667 "
473,Danuel House Jr.,UTA,"$2,045,094 ","$4,105,000 ",Minimum Salary,"$991,967 "
474,D.J. Augustin,LAL,"$7,622,467 ","$333,333 ",Minimum Salary,"$622,467 "
475,Daishen Nix,HOU,"$612,000 ","$1,563,518 ",Minimum Salary,"$2,175,518 "
476,DeMarcus Cousins,MIL,"$1,290,481 ",,,"$607,285 "
477,Luke Kornet,BOS,"$606,702 ",,Minimum Salary,"$606,702 "
478,DeAndre' Bembry,MIL,"$2,541,217 ",,,"$601,867 "
479,Terry Taylor,IND,"$600,000 ","$1,563,518 ",Minimum Salary,"$1,225,000 "
480,DeAndre Jordan,PHI,"$11,109,327 ","$7,827,907 ",Minimum Salary,"$592,103 "
481,Ryan Arcidiacono,NYK,"$586,136 ",,Minimum Salary,"$791,798 "
482,Keifer Sykes,IND,"$558,345 ",,,"$558,345 "
483,Caleb Martin,MIA,"$527,615 ","$6,327,160 ",Minimum Salary,"$21,027,614 "
484,Tomáš Satoranský,WAS,"$10,000,000 ",,Minimum Salary,"$468,119 "
485,Georgios Kalaitzakis,MIL,"$462,629 ",,,"$462,629 "
486,Jevon Carter,MIL,"$4,107,149 ","$6,025,000 ",Minimum Salary,"$2,557,149 "
487,Trendon Watford,POR,"$436,482 ","$1,563,518 ",MLE,"$5,824,694 "
488,Nik Stauskas,BOS,"$423,536 ","$2,193,920 ",Minimum Salary,"$423,536 "
489,Gary Clark,NOP,"$377,645 ",,,"$377,645 "
490,Devontae Cacok,SAS,"$364,533 ",,Minimum Salary,"$364,533 "
491,Sam Dekker,TOR,"$350,000 ",,,"$350,000 "
492,Sam Hauser,BOS,"$313,737 ","$1,563,518 ",Minimum Salary,"$313,737 "
493,Admiral Schofield,OKC,,,,"$300,000 "
494,Haywood Highsmith,MIA,"$290,967 ","$1,752,638 ",MLE,"$547,701 "
495,Isaiah Thomas,CHO,"$276,039 ",,Minimum Salary,"$552,077 "
496,Armoni Brooks,TOR,"$1,739,065 ","$1,752,638 ",Minimum Salary,"$471,156 "
497,Ish Wainright,TOR,"$8,558 ",,,"$375,000 "
498,Malik Fitts,BOS,"$231,062 ","$1,752,638 ",Minimum Salary,"$402,218 "
499,Joe Wieskamp,SAS,"$202,068 ",,Minimum Salary,"$202,068 "
500,Amir Coffey,LAC,"$153,488 ","$3,395,062 ",Minimum Salary,"$11,153,488 "
501,Bismack Biyombo,PHO,"$1,366,392 ","$2,905,851 ",,"$4,424,064 "
502,DeMarcus Cousins,DEN,"$1,290,481 ",,,"$1,138,659 "
503,DeMarcus Cousins,DEN,"$1,290,481 ",,,"$1,138,659 "
504,DeMarcus Cousins,DEN,"$1,290,481 ",,,"$1,138,659 "
505,Lance Stephenson,IND,"$924,730 ",,,"$1,476,806 "
506,Lance Stephenson,IND,"$924,730 ",,,"$1,476,806 "
507,Lance Stephenson,IND,"$924,730 ",,,"$1,476,806 "
508,Lance Stephenson,IND,"$924,730 ",,,"$1,476,806 "
509,Isaiah Thomas,CHO,"$276,039 ",,,"$552,077 "
510,Isaiah Thomas,CHO,"$276,039 ",,,"$552,077 "
511,Brandon Knight,DAL,,,,"$276,038 "
512,Brandon Knight,DAL,,,,"$276,038 "
513,Greg Monroe,MIN,"$55,208 ",,,"$193,227 "
514,Greg Monroe,WAS,"$55,208 ",,,"$138,019 "
515,Greg Monroe,UTA,"$55,208 ",,,"$138,019 "
516,Greg Monroe,MIL,"$55,208 ",,,"$138,019 "
517,Isaiah Thomas,LAL,"$276,039 ",,,"$138,019 "
518,Isaiah Thomas,DAL,"$276,039 ",,,"$138,019 "
519,Lance Stephenson,ATL,"$924,730 ",,,"$138,019 "
520,Troy Williams,HOU,"$122,741 ","$122,741 ",,"$245,482 "
521,Stanley Johnson,LAL,"$888,616 ","$2,351,521 ",,"$3,600,386 "
522,Stanley Johnson,LAL,"$888,616 ","$2,351,521 ",,"$3,600,386 "
523,Stanley Johnson,LAL,"$888,616 ","$2,351,521 ",,"$3,600,386 "
524,Stanley Johnson,CHI,"$888,616 ","$2,351,521 ",,"$120,083 "
525,Marquese Chriss,DAL,"$958,529 ","$2,193,920 ",,"$1,292,900 "
526,Marquese Chriss,DAL,"$958,529 ","$2,193,920 ",,"$1,292,900 "
527,Marquese Chriss,DAL,"$958,529 ","$2,193,920 ",,"$1,292,900 "
528,Danuel House Jr.,UTA,"$2,045,094 ","$4,105,000 ",,"$991,967 "
529,Danuel House Jr.,UTA,"$2,045,094 ","$4,105,000 ",,"$991,967 "
530,Danuel House Jr.,UTA,"$2,045,094 ","$4,105,000 ",,"$991,967 "
531,Danuel House Jr.,NYK,"$2,045,094 ","$4,105,000 ",,"$111,457 "
532,Nik Stauskas,MIA,"$423,536 ","$2,193,920 ",,"$111,457 "
533,Alfonzo McKinnie,CHI,"$1,090,007 ",,,"$1,293,926 "
534,Ryan Arcidiacono,NYK,"$586,136 ",,,"$791,798 "
535,Ryan Arcidiacono,NYK,"$586,136 ",,,"$791,798 "
536,Luke Kornet,MIL,"$606,702 ",,,"$102,831 "
537,Luke Kornet,CLE,"$606,702 ",,,"$102,831 "
538,Alfonzo McKinnie,CHI,"$1,090,007 ",,,"$1,293,926 "
539,Jabari Parker,BOS,"$1,068,288 ",,,"$1,168,288 "
540,Devin Cannady,ORL,"$100,000 ","$1,752,638 ",MLE,"$185,578 "
541,Drew Eubanks,POR,,"$1,968,175 ",,"$2,445,199 "
542,Drew Eubanks,POR,,"$1,968,175 ",,"$2,445,199 "
543,Drew Eubanks,POR,,"$1,968,175 ",,"$2,445,199 "
544,Drew Eubanks,POR,,"$1,968,175 ",,"$2,445,199 "
545,Theo Pinson,DAL,,"$1,968,175 ",,"$2,165,251 "
546,Alize Johnson,NOP,"$705,598 ",,,"$198,760 "
547,Alize Johnson,NOP,"$705,598 ",,,"$198,760 "
548,Wenyen Gabriel,LAC,"$29,814 ","$1,878,720 ",,"$198,760 "
549,Wenyen Gabriel,LAC,"$29,814 ","$1,878,720 ",,"$198,760 "
550,Brad Wanamaker,WAS,"$715,538 ",,,"$99,380 "
551,Alize Johnson,WAS,"$705,598 ",,,"$99,380 "
552,Wenyen Gabriel,NOP,"$29,814 ","$1,878,720 ",,"$99,380 "
553,Brandon Goodwin,CLE,,,,"$99,380 "
554,Wenyen Gabriel,BRK,"$29,814 ","$1,878,720 ",,"$99,380 "
555,Theo Pinson,DAL,,"$1,968,175 ",,"$2,165,251 "
556,Davon Reed,DEN,,,,"$286,164 "
557,Davon Reed,DEN,,,,"$286,164 "
558,Moses Brown,CLE,"$1,720,779 ",,,"$211,046 "
559,Moses Brown,CLE,"$1,720,779 ",,,"$211,046 "
560,Kelan Martin,BOS,,,,"$191,860 "
561,Kelan Martin,BOS,,,,"$191,860 "
562,Juwan Morgan,BOS,"$19,186 ","$1,815,677 ",,"$115,116 "
563,Juwan Morgan,TOR,"$19,186 ","$1,815,677 ",,"$95,930 "
564,Charlie Brown Jr.,PHI,,,,"$95,930 "
565,Miye Oni,NOP,"$51,225 ",,,"$95,930 "
566,Jared Harper,NOP,,,,"$95,930 "
567,Rayjon Tucker,MIN,"$28,779 ",,,"$95,930 "
568,Quinndary Weatherspoon,GSW,,,,"$95,930 "
569,Rayjon Tucker,DEN,"$28,779 ",,,"$95,930 "
570,Charlie Brown Jr.,DAL,,,,"$95,930 "
571,Davon Reed,DEN,,,,"$286,164 "
572,Demetrius Jackson,BOS,"$92,857 ","$92,857 ",,"$278,571 "
573,Haywood Highsmith,MIA,"$290,967 ","$1,752,638 ",,"$547,701 "
574,Haywood Highsmith,MIA,"$290,967 ","$1,752,638 ",,"$547,701 "
575,Haywood Highsmith,MIA,"$290,967 ","$1,752,638 ",,"$547,701 "
576,Armoni Brooks,TOR,"$1,739,065 ","$1,752,638 ",,"$471,156 "
577,Armoni Brooks,TOR,"$1,739,065 ","$1,752,638 ",,"$471,156 "
578,Malik Fitts,BOS,"$231,062 ","$1,752,638 ",,"$402,218 "
579,Malik Fitts,BOS,"$231,062 ","$1,752,638 ",,"$402,218 "
580,Devin Cannady,ORL,"$100,000 ","$1,752,638 ",,"$185,578 "
581,Admiral Schofield,ORL,,,,"$171,156 "
582,Admiral Schofield,ORL,,,,"$171,156 "
583,Anthony Lamb,SAS,,,,"$85,578 "
584,Tyrell Terry,MEM,"$1,517,981 ","$1,782,621 ",,"$85,578 "
585,Nate Hinton,IND,,,,"$85,578 "
586,Drew Eubanks,POR,,"$1,968,175 ",,"$2,445,199 "
587,Carsen Edwards,DET,"$76,744 ","$1,815,677 ",Minimum Salary,"$76,744 "
588,RJ Nembhard Jr.,CLE,"$58,493 ",,,"$58,493 "
589,Greg Monroe,MIN,"$55,208 ",,Minimum Salary,"$193,227 "
590,Xavier Moon,LAC,,,,"$159,528 "
591,Xavier Moon,LAC,,,,"$159,528 "
592,Xavier Moon,LAC,,,,"$159,528 "
593,Mac McClung,CHI,,,,"$106,352 "
594,Mac McClung,CHI,,,,"$106,352 "
595,Jordan Schakel,WAS,,,,"$53,176 "
596,Brandon Williams,POR,,,,"$53,176 "
597,Braxton Key,PHI,,,,"$53,176 "
598,Georgios Kalaitzakis,OKC,"$462,629 ",,,"$53,176 "
599,Feron Hunt,NOP,,,,"$53,176 "
600,Xavier Sneed,MEM,,,,"$53,176 "
601,Moses Wright,LAC,,,,"$53,176 "
602,Braxton Key,DET,,,,"$53,176 "
603,Malcolm Hill,CHI,,,,"$53,176 "
604,Chaundee Brown Jr.,ATL,,,,"$53,176 "
605,Malcolm Hill,ATL,,,,"$53,176 "
606,Miye Oni,OKC,"$51,225 ",,,"$51,225 "
607,Luca Vildoza,MIL,"$42,789 ",,Minimum Salary,"$42,789 "
608,Skylar Mays,ATL,"$34,231 ",,Minimum Salary,"$34,231 "
609,Wenyen Gabriel,LAL,"$29,814 ","$1,878,720 ",Minimum Salary,"$29,814 "
610,Rayjon Tucker,MIL,"$28,779 ",,MLE,"$28,779 "
611,Moses Brown,CLE,"$1,720,779 ",,Minimum Salary,"$211,046 "
612,Juwan Morgan,BOS,"$19,186 ","$1,815,677 ",Minimum Salary,"$115,116 "
613,Trent Forrest,UTA,"$8,558 ",,Minimum Salary,"$8,558 "
614,Ish Wainright,PHO,"$8,558 ",,Minimum Salary,"$8,558 "
615,Kessler Edwards,BRK,"$5,318 ","$1,637,966 ",Minimum Salary,"$1,643,284 "
